{"cameraMode":{"drawMode":0,"name":"Shaded","section":"Shading Mode"},"sceneLighting":true,"audioPlay":false,"sceneViewState":{"showFog":true,"showMaterialUpdate":false,"showSkybox":true,"showFlares":true,"showImageEffects":true,"showParticleSystems":true},"in2DMode":false,"pivot":{"x":5.590159893035889,"y":-30.273088455200197,"z":-32.7646369934082},"rotation":{"x":-0.05278639867901802,"y":0.0005967678152956069,"z":-0.00001275690556212794,"w":-0.9986291527748108},"size":14.038379669189454,"orthographic":true}