{"cameraMode":{"drawMode":0,"name":"Shaded","section":"Shading Mode"},"sceneLighting":true,"audioPlay":false,"sceneViewState":{"showFog":true,"showMaterialUpdate":false,"showSkybox":true,"showFlares":true,"showImageEffects":true,"showParticleSystems":true},"in2DMode":false,"pivot":{"x":28.514291763305665,"y":-16.387327194213868,"z":-64.57604217529297},"rotation":{"x":-0.006307901348918676,"y":0.02759328857064247,"z":-0.00015751771570648998,"w":-0.999622106552124},"size":47.11720275878906,"orthographic":true}