{"cameraMode":{"drawMode":0,"name":"Shaded","section":"Shading Mode"},"sceneLighting":true,"audioPlay":false,"sceneViewState":{"showFog":true,"showMaterialUpdate":false,"showSkybox":true,"showFlares":true,"showImageEffects":true,"showParticleSystems":true},"in2DMode":false,"pivot":{"x":1.2916319370269776,"y":-19.336830139160158,"z":15.595985412597657},"rotation":{"x":-0.06296803802251816,"y":0.3111351728439331,"z":-0.020635666325688363,"w":-0.9480828642845154},"size":66.7706298828125,"orthographic":true}