{"cameraMode":{"drawMode":0,"name":"Shaded","section":"Shading Mode"},"sceneLighting":true,"audioPlay":false,"sceneViewState":{"showFog":true,"showMaterialUpdate":false,"showSkybox":true,"showFlares":true,"showImageEffects":true,"showParticleSystems":true},"in2DMode":false,"pivot":{"x":-46.07844543457031,"y":-8.087919235229493,"z":-51.243160247802737},"rotation":{"x":-0.05278639867901802,"y":0.0005967678152956069,"z":-0.00001275690556212794,"w":-0.9986291527748108},"size":25.00343894958496,"orthographic":true}