{"cameraMode":{"drawMode":0,"name":"Shaded","section":"Shading Mode"},"sceneLighting":true,"audioPlay":false,"sceneViewState":{"showFog":true,"showMaterialUpdate":false,"showSkybox":true,"showFlares":true,"showImageEffects":true,"showParticleSystems":true},"in2DMode":false,"pivot":{"x":-20.706703186035158,"y":-8.821248054504395,"z":9.769784927368164},"rotation":{"x":-0.07264502346515656,"y":0.17176957428455354,"z":-0.012686123140156269,"w":-0.9823960065841675},"size":61.6166877746582,"orthographic":false}