{"cameraMode":{"drawMode":0,"name":"Shaded","section":"Shading Mode"},"sceneLighting":true,"audioPlay":false,"sceneViewState":{"showFog":true,"showMaterialUpdate":false,"showSkybox":true,"showFlares":true,"showImageEffects":true,"showParticleSystems":true},"in2DMode":false,"pivot":{"x":-96.66668701171875,"y":-4.863722324371338,"z":-26.377792358398439},"rotation":{"x":-0.056942764669656757,"y":-0.47483938932418826,"z":0.030858000740408899,"w":-0.8777222633361816},"size":13.748702049255371,"orthographic":true}